sample_id,branch,treatment,saccharide,replicate,free_amino_groups_pct,ige_binding_pct,particle_size_nm,surface_hydrophobicity_au
NON-CON-R1,Non-enzymatic,Non-enzymatic control,Control,1,93.62,98.96,87.24,52.19
NON-CON-R2,Non-enzymatic,Non-enzymatic control,Control,2,97.91,96.83,106.26,48.91
NON-CON-R3,Non-enzymatic,Non-enzymatic control,Control,3,95.2,97.1,118.64,49.54
NON-CON-R4,Non-enzymatic,Non-enzymatic control,Control,4,95.81,97.66,111.93,46.16
NON-CON-R5,Non-enzymatic,Non-enzymatic control,Control,5,94.79,100.19,108.43,43.88
NON-LAC-R1,Non-enzymatic,Non-enzymatic Lactose,Lactose,1,62.57,74.63,142.21,39.55
NON-LAC-R2,Non-enzymatic,Non-enzymatic Lactose,Lactose,2,65.93,79.3,136.44,44.04
NON-LAC-R3,Non-enzymatic,Non-enzymatic Lactose,Lactose,3,60.31,72.7,130.97,44.05
NON-LAC-R4,Non-enzymatic,Non-enzymatic Lactose,Lactose,4,66.5,76.55,134.37,42.05
NON-LAC-R5,Non-enzymatic,Non-enzymatic Lactose,Lactose,5,62.44,70.17,151.08,42.63
NON-MAN-R1,Non-enzymatic,Non-enzymatic Mannotriose,Mannotriose,1,71.61,76.49,165.09,42.33
NON-MAN-R2,Non-enzymatic,Non-enzymatic Mannotriose,Mannotriose,2,72.78,81.88,201.2,35.55
NON-MAN-R3,Non-enzymatic,Non-enzymatic Mannotriose,Mannotriose,3,78.68,91.6,194.42,40.48
NON-MAN-R4,Non-enzymatic,Non-enzymatic Mannotriose,Mannotriose,4,69.01,82.98,169.69,37.94
NON-MAN-R5,Non-enzymatic,Non-enzymatic Mannotriose,Mannotriose,5,70.13,80.14,190.46,36.33
NON-DEX-R1,Non-enzymatic,Non-enzymatic Dextran,Dextran,1,79.04,70.99,268.38,29.71
NON-DEX-R2,Non-enzymatic,Non-enzymatic Dextran,Dextran,2,79.26,80.17,272.88,34.77
NON-DEX-R3,Non-enzymatic,Non-enzymatic Dextran,Dextran,3,78.35,75.68,259.11,31.9
NON-DEX-R4,Non-enzymatic,Non-enzymatic Dextran,Dextran,4,88.76,72.67,293.44,35.37
NON-DEX-R5,Non-enzymatic,Non-enzymatic Dextran,Dextran,5,81.54,72.39,295.44,33.47
TG--CON-R1,TG-assisted,TG-assisted control,Control,1,92.58,91.12,165.69,45.4
TG--CON-R2,TG-assisted,TG-assisted control,Control,2,89.12,89.06,157.03,43.41
TG--CON-R3,TG-assisted,TG-assisted control,Control,3,85.44,96.71,172.06,38.13
TG--CON-R4,TG-assisted,TG-assisted control,Control,4,82.58,88.87,166.41,50.1
TG--CON-R5,TG-assisted,TG-assisted control,Control,5,86.85,95.0,152.24,40.86
TG--LAC-R1,TG-assisted,TG-assisted Lactose,Lactose,1,46.13,60.89,206.37,33.93
TG--LAC-R2,TG-assisted,TG-assisted Lactose,Lactose,2,56.19,61.79,194.56,36.55
TG--LAC-R3,TG-assisted,TG-assisted Lactose,Lactose,3,53.46,65.59,185.38,28.14
TG--LAC-R4,TG-assisted,TG-assisted Lactose,Lactose,4,52.34,58.55,194.67,39.99
TG--LAC-R5,TG-assisted,TG-assisted Lactose,Lactose,5,48.69,64.06,206.35,36.38
TG--MAN-R1,TG-assisted,TG-assisted Mannotriose,Mannotriose,1,63.36,67.17,216.82,36.12
TG--MAN-R2,TG-assisted,TG-assisted Mannotriose,Mannotriose,2,62.16,74.56,227.55,37.87
TG--MAN-R3,TG-assisted,TG-assisted Mannotriose,Mannotriose,3,59.15,64.76,200.55,29.7
TG--MAN-R4,TG-assisted,TG-assisted Mannotriose,Mannotriose,4,62.46,63.14,219.57,39.32
TG--MAN-R5,TG-assisted,TG-assisted Mannotriose,Mannotriose,5,62.54,76.16,213.1,25.62
TG--DEX-R1,TG-assisted,TG-assisted Dextran,Dextran,1,72.55,59.33,346.09,29.65
TG--DEX-R2,TG-assisted,TG-assisted Dextran,Dextran,2,65.15,71.21,363.59,30.65
TG--DEX-R3,TG-assisted,TG-assisted Dextran,Dextran,3,67.91,65.77,331.85,28.28
TG--DEX-R4,TG-assisted,TG-assisted Dextran,Dextran,4,67.69,61.59,355.19,24.72
TG--DEX-R5,TG-assisted,TG-assisted Dextran,Dextran,5,66.64,55.99,350.96,31.23
TYR-CON-R1,Tyr/CA-assisted,Tyr/CA-assisted control,Control,1,93.86,107.67,156.28,43.17
TYR-CON-R2,Tyr/CA-assisted,Tyr/CA-assisted control,Control,2,99.99,92.32,154.46,48.23
TYR-CON-R3,Tyr/CA-assisted,Tyr/CA-assisted control,Control,3,89.36,101.58,149.26,47.71
TYR-CON-R4,Tyr/CA-assisted,Tyr/CA-assisted control,Control,4,89.97,101.21,134.67,40.66
TYR-CON-R5,Tyr/CA-assisted,Tyr/CA-assisted control,Control,5,96.28,94.29,145.52,51.77
TYR-LAC-R1,Tyr/CA-assisted,Tyr/CA-assisted Lactose,Lactose,1,73.41,71.53,192.84,35.82
TYR-LAC-R2,Tyr/CA-assisted,Tyr/CA-assisted Lactose,Lactose,2,72.26,73.44,189.07,37.39
TYR-LAC-R3,Tyr/CA-assisted,Tyr/CA-assisted Lactose,Lactose,3,58.76,71.23,181.38,36.89
TYR-LAC-R4,Tyr/CA-assisted,Tyr/CA-assisted Lactose,Lactose,4,72.33,70.06,182.45,33.55
TYR-LAC-R5,Tyr/CA-assisted,Tyr/CA-assisted Lactose,Lactose,5,65.62,70.48,180.91,38.42
TYR-DEX-R1,Tyr/CA-assisted,Tyr/CA-assisted Dextran,Dextran,1,80.5,68.65,315.43,31.47
TYR-DEX-R2,Tyr/CA-assisted,Tyr/CA-assisted Dextran,Dextran,2,80.77,70.72,308.82,33.36
TYR-DEX-R3,Tyr/CA-assisted,Tyr/CA-assisted Dextran,Dextran,3,81.91,67.42,309.3,32.11
TYR-DEX-R4,Tyr/CA-assisted,Tyr/CA-assisted Dextran,Dextran,4,82.59,62.7,315.75,31.19
TYR-DEX-R5,Tyr/CA-assisted,Tyr/CA-assisted Dextran,Dextran,5,78.02,64.52,296.39,27.69
