site_a,site_b,ca_distance_angstrom
Ito_2007:292,Mao_2023:84,24.181
Ito_2007:292,Mao_2023:92,27.923
Ito_2007:292,Mao_2023:206,28.943
Ito_2007:292,Mao_2023:263,28.052
Ito_2007:292,Mao_2023:322,15.808
Ito_2007:292,Mao_2023:381,17.763
Mao_2023:84,Mao_2023:92,11.941
Mao_2023:84,Mao_2023:206,41.348
Mao_2023:84,Mao_2023:263,26.918
Mao_2023:84,Mao_2023:322,24.594
Mao_2023:84,Mao_2023:381,27.034
Mao_2023:92,Mao_2023:206,38.109
Mao_2023:92,Mao_2023:263,31.765
Mao_2023:92,Mao_2023:322,31.873
Mao_2023:92,Mao_2023:381,27.674
Mao_2023:206,Mao_2023:263,31.45
Mao_2023:206,Mao_2023:322,44.671
Mao_2023:206,Mao_2023:381,16.754
Mao_2023:263,Mao_2023:322,37.144
Mao_2023:263,Mao_2023:381,17.045
Mao_2023:322,Mao_2023:381,32.138
